size,seed,samples,exact_elapsed_ms,exact_rss_mb,exact_precision,exact_recall,exact_f1,random_elapsed_ms,random_rss_mb,random_precision,random_recall,random_f1
50,1,10000,493.578406,228.828125,1,1,1,522.1349730000001,226.14453125,0,0,0
50,2,10000,443.264645,232.125,1,1,1,524.6264930000001,252.37890625,1,0.8571428571428571,0.923076923076923
50,3,10000,493.30654,232.07421875,1,1,1,485.96219600000006,251.484375,1,0.5714285714285714,0.7272727272727273
50,4,10000,648.251341,234.38671875,1,1,1,1397.023107,253.76953125,1,0.2857142857142857,0.4444444444444445
50,5,10000,423.856,233.10546875,1,1,1,460.081423,251.5546875,0,0,0
50,6,10000,420.567304,231.5703125,1,1,1,494.68445600000007,250.921875,1,0.5714285714285714,0.7272727272727273
50,7,10000,385.059361,231.74609375,1,1,1,461.69863599999985,250.1640625,0,0,0
50,8,10000,429.773112,231.18359375,1,1,1,474.144174,251.57421875,1,0.42857142857142855,0.6
50,9,10000,390.746315,231.24609375,1,1,1,501.277236,250.4921875,1,0.5714285714285714,0.7272727272727273
50,10,10000,716.807266,232.0703125,1,1,1,547.1605010000001,237.2890625,0,0,0
100,1,10000,456.12888,233.15625,1,1,1,912.053007,252.62890625,1,0.5714285714285714,0.7272727272727273
100,2,10000,428.280617,233.44140625,1,1,1,887.3742250000001,251.56640625,1,0.2857142857142857,0.4444444444444445
100,3,10000,455.630867,231.2578125,1,1,1,865.719177,249.828125,1,0.14285714285714285,0.25
100,4,10000,368.994522,234.04296875,1,1,1,848.989533,252.7421875,1,0.42857142857142855,0.6
100,5,10000,410.282343,230.4140625,1,1,1,888.1417929999999,250.4296875,1,0.42857142857142855,0.6
100,6,10000,399.101143,231.04296875,1,1,1,898.650268,249.8984375,0,0,0
100,7,10000,385.090087,232.109375,1,1,1,870.6456790000001,251.69921875,0,0,0
100,8,10000,384.867398,234.61328125,1,1,1,894.5484640000001,253.00390625,1,0.7142857142857143,0.8333333333333333
100,9,10000,406.676912,231.26953125,1,1,1,893.591928,251.0625,1,0.14285714285714285,0.25
100,10,10000,453.500517,234.55078125,1,1,1,1011.479375,253.22265625,1,0.14285714285714285,0.25
250,1,10000,388.241117,219.5234375,1,1,1,2082.604934,222.03125,0.3333333333333333,0.14285714285714285,0.2
250,2,10000,434.330429,234.5859375,1,1,1,2250.662776,251.80859375,1,0.14285714285714285,0.25
250,3,10000,483.309776,233.42578125,1,1,1,2404.4670730000003,250.67578125,1,0.2857142857142857,0.4444444444444445
250,4,10000,478.658023,232.8828125,1,1,1,2485.351785,250.59765625,1,0.2857142857142857,0.4444444444444445
250,5,10000,409.613145,234.4296875,1,1,1,2339.777095,251.0546875,0,0,0
250,6,10000,446.864677,217.796875,1,1,1,3518.3640499999997,218.921875,1,0.14285714285714285,0.25
250,7,10000,433.737668,214.875,1,1,1,2394.3015080000005,217.890625,1,0.14285714285714285,0.25
250,8,10000,414.376825,234.30078125,1,1,1,2151.893618,251.31640625,1,0.7142857142857143,0.8333333333333333
250,9,10000,424.312602,216.96875,1,1,1,2095.149039,218.15625,1,0.14285714285714285,0.25
250,10,10000,445.019939,219.8984375,1,1,1,2070.2447330000005,221.71484375,0,0,0
500,1,10000,447.132262,217.44140625,1,1,1,4507.872179999999,218.484375,0,0,0
500,2,10000,502.443619,217.578125,1,1,1,4266.239183,218.20703125,0,0,0
500,3,10000,508.147429,216.67578125,1,1,1,4159.2250380000005,218.07421875,1,0.42857142857142855,0.6
500,4,10000,422.67723,217.45703125,1,1,1,4641.6518719999995,218.64453125,1,0.14285714285714285,0.25
500,5,10000,477.088042,217.89453125,1,1,1,4107.999665,219.24609375,1,0.8571428571428571,0.923076923076923
500,6,10000,503.002474,218.01171875,1,1,1,4076.954141,218.91015625,0,0,0
500,7,10000,533.579063,218.55078125,1,1,1,4277.858733,220.6328125,1,0.42857142857142855,0.6
500,8,10000,448.683184,216.69921875,1,1,1,4279.830769,217.58203125,0,0,0
500,9,10000,470.138554,217.33984375,1,1,1,4369.143388,218.96875,1,0.14285714285714285,0.25
500,10,10000,422.056825,218.94921875,1,1,1,5825.027338,220.33203125,1,0.42857142857142855,0.6
1000,1,10000,876.281607,216.41796875,1,1,1,10804.620247,209.51171875,1,0.7142857142857143,0.8333333333333333
1000,2,10000,937.3333,217.6875,1,1,1,8517.595584,210.65625,1,0.7142857142857143,0.8333333333333333
1000,3,10000,1136.564393,214.51171875,1,1,1,11730.781045,215.92578125,1,0.14285714285714285,0.25
1000,4,10000,1065.75186,216.9453125,1,1,1,9959.585385999999,218.71484375,1,0.42857142857142855,0.6
1000,5,10000,810.243531,216.4296875,1,1,1,11931.623719,210.5546875,1,0.42857142857142855,0.6
1000,6,10000,588.685009,220.53515625,1,1,1,8383.285042,212.4765625,0,0,0
1000,7,10000,585.203208,216.8828125,1,1,1,8336.950152,218.1328125,1,0.2857142857142857,0.4444444444444445
1000,8,10000,546.592989,216.484375,1,1,1,12042.721129000001,210.453125,1,0.14285714285714285,0.25
1000,9,10000,902.733386,217.21484375,1,1,1,12040.221503,210.60546875,1,0.14285714285714285,0.25
1000,10,10000,1435.411776,215.62109375,1,1,1,14173.323133999998,208.1796875,0,0,0
