variant,semantics,channel,total_events,anomaly_events,non_anomaly_events,protected_events,protected_anomaly,protected_non_anomaly,satisfied_required_events,exposed_events,exposed_anomaly,exposed_non_anomaly,observed_requirement_coverage,anomaly_exposure_rate,non_anomaly_exposure_rate
clean,first_match,Email,18203,13013,5190,1851,1236,615,1851,0,0,0,1,0,0
clean,first_match,Web,21278,8210,13068,0,0,0,0,0,0,0,0,0,0
clean,first_match,CloudUpload,445,150,295,445,150,295,445,0,0,0,1,0,0
clean,first_match,USB,4406,2613,1793,2178,1300,878,2178,0,0,0,1,0,0
clean,first_match,EndpointApp,12405,6099,6306,0,0,0,0,0,0,0,0,0,0
clean,most_restrictive,Email,18203,13013,5190,1851,1236,615,1851,0,0,0,1,0,0
clean,most_restrictive,Web,21278,8210,13068,0,0,0,0,0,0,0,0,0,0
clean,most_restrictive,CloudUpload,445,150,295,445,150,295,445,0,0,0,1,0,0
clean,most_restrictive,USB,4406,2613,1793,2178,1300,878,2178,0,0,0,1,0,0
clean,most_restrictive,EndpointApp,12405,6099,6306,0,0,0,0,0,0,0,0,0,0
shadow_email,first_match,Email,18203,13013,5190,1851,1236,615,0,1851,1236,615,0,1,1
shadow_email,first_match,Web,21278,8210,13068,0,0,0,0,0,0,0,0,0,0
shadow_email,first_match,CloudUpload,445,150,295,445,150,295,445,0,0,0,1,0,0
shadow_email,first_match,USB,4406,2613,1793,2178,1300,878,2178,0,0,0,1,0,0
shadow_email,first_match,EndpointApp,12405,6099,6306,0,0,0,0,0,0,0,0,0,0
shadow_email,most_restrictive,Email,18203,13013,5190,1851,1236,615,1851,0,0,0,1,0,0
shadow_email,most_restrictive,Web,21278,8210,13068,0,0,0,0,0,0,0,0,0,0
shadow_email,most_restrictive,CloudUpload,445,150,295,445,150,295,445,0,0,0,1,0,0
shadow_email,most_restrictive,USB,4406,2613,1793,2178,1300,878,2178,0,0,0,1,0,0
shadow_email,most_restrictive,EndpointApp,12405,6099,6306,0,0,0,0,0,0,0,0,0,0
exception_usb,first_match,Email,18203,13013,5190,1851,1236,615,1851,0,0,0,1,0,0
exception_usb,first_match,Web,21278,8210,13068,0,0,0,0,0,0,0,0,0,0
exception_usb,first_match,CloudUpload,445,150,295,445,150,295,445,0,0,0,1,0,0
exception_usb,first_match,USB,4406,2613,1793,2178,1300,878,0,2178,1300,878,0,1,1
exception_usb,first_match,EndpointApp,12405,6099,6306,0,0,0,0,0,0,0,0,0,0
exception_usb,most_restrictive,Email,18203,13013,5190,1851,1236,615,1851,0,0,0,1,0,0
exception_usb,most_restrictive,Web,21278,8210,13068,0,0,0,0,0,0,0,0,0,0
exception_usb,most_restrictive,CloudUpload,445,150,295,445,150,295,445,0,0,0,1,0,0
exception_usb,most_restrictive,USB,4406,2613,1793,2178,1300,878,0,2178,1300,878,0,1,1
exception_usb,most_restrictive,EndpointApp,12405,6099,6306,0,0,0,0,0,0,0,0,0,0
conflict_cloud,first_match,Email,18203,13013,5190,1851,1236,615,1851,0,0,0,1,0,0
conflict_cloud,first_match,Web,21278,8210,13068,0,0,0,0,0,0,0,0,0,0
conflict_cloud,first_match,CloudUpload,445,150,295,445,150,295,0,445,150,295,0,1,1
conflict_cloud,first_match,USB,4406,2613,1793,2178,1300,878,2178,0,0,0,1,0,0
conflict_cloud,first_match,EndpointApp,12405,6099,6306,0,0,0,0,0,0,0,0,0,0
conflict_cloud,most_restrictive,Email,18203,13013,5190,1851,1236,615,1851,0,0,0,1,0,0
conflict_cloud,most_restrictive,Web,21278,8210,13068,0,0,0,0,0,0,0,0,0,0
conflict_cloud,most_restrictive,CloudUpload,445,150,295,445,150,295,445,0,0,0,1,0,0
conflict_cloud,most_restrictive,USB,4406,2613,1793,2178,1300,878,2178,0,0,0,1,0,0
conflict_cloud,most_restrictive,EndpointApp,12405,6099,6306,0,0,0,0,0,0,0,0,0,0
combined_faults,first_match,Email,18203,13013,5190,1851,1236,615,0,1851,1236,615,0,1,1
combined_faults,first_match,Web,21278,8210,13068,0,0,0,0,0,0,0,0,0,0
combined_faults,first_match,CloudUpload,445,150,295,445,150,295,0,445,150,295,0,1,1
combined_faults,first_match,USB,4406,2613,1793,2178,1300,878,0,2178,1300,878,0,1,1
combined_faults,first_match,EndpointApp,12405,6099,6306,0,0,0,0,0,0,0,0,0,0
combined_faults,most_restrictive,Email,18203,13013,5190,1851,1236,615,1851,0,0,0,1,0,0
combined_faults,most_restrictive,Web,21278,8210,13068,0,0,0,0,0,0,0,0,0,0
combined_faults,most_restrictive,CloudUpload,445,150,295,445,150,295,445,0,0,0,1,0,0
combined_faults,most_restrictive,USB,4406,2613,1793,2178,1300,878,0,2178,1300,878,0,1,1
combined_faults,most_restrictive,EndpointApp,12405,6099,6306,0,0,0,0,0,0,0,0,0,0
